ID,Bug Line,Explanation,
16,0,The exact line number of the bug is not identifiable from the provided code snippet. The potential issue lies in the redundancy of operations and the lack of error handling.,
32,4,"The function `rdi.port(TA::MULTI_PORT).func().burst(""MPBurst2"").burst();` is attempting to call the `burst` function twice in succession. According to the official documentation for `burst`, it is not valid to call `burst` more than once in a single sequence of operations. The `burst` function is designed to define a burst operation and should not be called multiple times without proper context or reinitialization.",
25,8,"The `write` function in the `rdi.protocol().pname(""i2c"")` context expects a byte array or a single byte as the second parameter, not a string. The string ""data"" is not a valid data type for the `write` function. The function expects a byte or a buffer of bytes.",
10,4,"The bug is in the line where the getHumanSeniority function is called on the id(4) object, which is not the correct object to retrieve the humidity value. The getHumanSeniority function should be called on the result of the execute() function, which returns the actual humidity value.",
26,10,The `addWaveform` function is being called with an additional argument that is not supported. The function should be called without any additional arguments.,
23,10,"The `execute` method is called on an individual read operation, which is not the correct usage. The `execute` method should be called after the burstUpload operation is completed.",
4,3,"The function calls contain string arguments where floating-point numbers are expected. Specifically, '31 V', '30 V', '50 mA', and '50 mA, -50 mA' are not valid arguments for the functions vForce(), vForceRange(), iForceRange(), and iClamp(), respectively. The correct arguments should be floating-point numbers.",
31,2,vec_port1.burst() is not a valid operation for a std::vector<string>. The burst function is typically used in the context of SmartRDI to create an empty burst label and specify the maximum number of labels to be patched. It is not applicable to a std::vector<string>.,
17,5,"The bug lies in the line `int iffv = rdi.id(""a"").getFFC();`. The `getFFC` function is not the correct function to retrieve the fail vector for a specific map entry. The `getFFC` function returns the fail count, not the fail vector itself. The correct function to retrieve the fail vector is `getFFV`, which returns the fail vector as a vector of integers.",
27,2,"The bug is in the line where the current measurement range is set. The time between setting the current measurement range and the next event on the pins is not checked within the allowed range. The `vForce` function is called immediately after setting the range, and the `wait` function is called with a duration of 3 ms, which may not be sufficient to ensure that the next event on the pins is within the allowed time frame for the specified current measurement range.",
13,3,The function `getVesjkctor` is not recognized by the SmartRDI library. The correct function name is `getVector`.,
22,4,"The bug in the code is located in the line where the `readTempThresh` function is called. Specifically, the line `rdi.pmux(1).module(""02"").readTempThresh(70).execute();` is passing an integer value `70` as a parameter, which is likely a mistake. According to the official documentation, the `readTempThresh` function should be called without any parameters, as it is designed to read the current threshold value.",
